"Run","Sex","Rat","Condition","Extinction 1 (Active Lever Presses)","Footshock Reinstatement (Active Lever Presses)","Dry Ice BSLN","Dry Ice Exp","Von BSLN force in mN","Von Exp force in mN","Hargreaves BSLN","Hargreaves Exp","Baseline ACTH Diurnal PM","Baseline ACTH Diurnal AM = 0 min","Baseline ACTH 30 min","Baseline ACTH 60 min","Baseline ACTH 90 min","Baseline ACTH 150 min","Exp. ACTH Diurnal PM","Exp. ACTH Diurnal AM = 0 min","Exp. ACTH 30 min","Exp. ACTH 60 min","Exp. ACTH 90 min","Exp. ACTH 150 min","Baseline Cort Diurnal PM","Baseline Cort Diurnal AM = 0 min","Baseline Cort 30 min","Baseline Cort 60 min","Baseline Cort 90 min","Baseline Cort 150 min","Exp. Cort Diurnal PM","Exp. Cort Diurnal AM = 0 min","Exp. Cort 30 min","Exp. Cort 60 min","Exp. Cort 90 min","Exp. Cort 150 min","Baseline TL Distance (m) OF","Exp. TL Distance (m) OF","Baseline Time in outer squares (s)","Exp. Time in outer squares (s)","Baseline Cort AUC","Exp. Cort AUC","Baseline ACTH AUC","Exp. ACTH AUC"
"Op1","M",1,"SR",29,12,15.09875,14.835,115.36903,21.39732,NA,NA,74,102,1294,680,152,70,90,94,466,82,98,104,365.55,21.6,654.15,718.5,734.7,92.25,63.9,199.35,562.8,545.85,161.55,51.75,54.926,66.205,587.4,520.7,74092.5,37309.5,59190,13080
"Op1","M",2,"AC",119,16,15.31,14.12,133.66269,18.92184,NA,NA,102,38,1760,790,282,86,54,186,1010,194,126,128,433.05,55.65,740.7,727.95,593.7,117,5.85,530.4,692.1,539.4,218.4,51.15,33.911,39.525,579,527.3,66773.25,48591,86640,29520
"Op1","M",3,"SR",85,16,18.4125,18.0775,125.1215,45.07657,NA,NA,102,76,902,662,112,86,468,NA,1080,370,178,100,191.1,30.3,807.3,760.5,451.2,58.8,146.85,219.15,612.6,378.3,136.95,81.75,28.546,35.399,593.6,559.1,65011.5,29367,44280,NA
"Op1","M",4,"AC",68,27,18.14375,18.85375,117.0757,30.65685,NA,NA,104,86,1090,398,142,72,110,160,836,374,202,120,485.1,91.5,696.75,712.35,617.55,44.25,264.6,440.55,654.3,518.25,204.6,83.4,12.412,34.56,588.3,598.7,66125.25,40983.75,43680,33390
"Op1","M",5,"SR",35,16,16.1925,17.46375,160.85132,47.36046,NA,NA,358,174,1642,190,158,78,NA,NA,NA,NA,226,162,672,87.6,812.7,629.25,501.3,39.75,350.25,617.7,684.6,371.1,455.55,100.5,59.816,42.911,550.9,538.2,62361,49376.25,55320,NA
"Op1","M",6,"SR",58,21,16.75875,13.04,131.88497,18.92184,NA,NA,98,84,1288,114,106,92,400,430,1514,824,252,240,301.05,88.05,717.15,750,542.4,105.9,399,358.8,630.75,569.1,366.6,213.75,49.397,50.33,562.6,490.8,59712.75,32224.5,38250,59130
"Op2","M",7,"AC",33,5,16.77375,16.31375,89.81553,18.92184,NA,17.95125,114,90,830,254,136,52,226,184,1570,648,280,100,483.75,33.45,728.25,781.2,493.05,67.8,322.5,155.25,836.7,790.5,643.5,167.55,32.905,53.219,581.9,506.4,64989,61841.25,33750,69900
"Op2","M",10,"SR",50,15,12.80625,17.71375,21.39732,18.92184,NA,19.11375,156,152,712,238,116,62,218,146,142,80,54,66,314.25,56.85,665.55,705.15,163.35,45.6,216.9,128.55,533.4,254.55,69.15,25.5,34.801,39.454,575.7,503.6,43852.5,25618.5,28560,5160
"Op2","M",11,"SR",130,23,17.51,13.06875,40.95469,61.63857,NA,19.48125,116,64,1282,886,582,188,268,108,884,352,176,126,531.3,36,722.25,868.35,859.2,658.8,345,182.55,686.55,628.35,389.55,135.45,42.655,57.571,565.2,520.5,101286,43461,88230,34200
"Op2","M",12,"AC",94,28,15.57625,18.58,112.7196,18.92184,NA,18.09,138,92,2750,630,186,102,144,144,990,222,112,28,346.2,21,917.4,998.25,749.1,64.8,171.9,438.45,875.55,700.5,211.8,26.85,42.087,43.715,549.7,503,90288,60167.25,100410,40200
"Op2","M",13,"AC",12,0,17.31625,15.47375,80.19683,30.03945,NA,19.4575,136,114,666,202,94,100,156,148,2080,1048,750,516,267.9,149.55,739.8,832.95,425.25,39.15,545.55,257.25,859.2,1308.45,1684,1131,34.578,51.612,581.8,508.4,63864,140010.75,20880,123090
"Op2","M",14,"AC",110,3,16.355,14.1,57.37018,18.92184,NA,16.69875,138,32,952,208,92,32,142,122,790,120,74,40,575.85,12.45,702.3,886.95,437.1,49.8,170.25,272.25,758.25,776.1,484.5,75.15,47.057,49.537,546.1,451,67160.25,62898.75,35580,27660
"Op2","M",15,"AC",20,6,15.95625,14.78125,71.12889,62.86798,NA,17.21875,112,48,2034,732,172,100,124,170,1566,618,174,120,318.45,57.15,854.85,971.4,709.5,117.6,192,282.75,745.5,572.85,354,74.7,37.087,51.795,590,542.8,82527.75,50757.75,87240,61500
"Op2","M",16,"SR",125,34,14.6175,16.87625,28.13188,40.73419,NA,18.68,NA,120,1226,654,148,68,238,86,946,190,136,82,565.95,79.65,737.25,802.65,422.4,59.1,397.65,148.95,629.1,538.5,258.6,45.15,33.619,36.525,580.3,516.4,59307.75,43481.25,56700,31650
"Op2","M",17,"SR",79,3,13.1875,14.81125,61.32546,38.27831,NA,17.7875,144,40,1538,888,224,92,NA,212,1208,228,154,92,505.65,34.65,754.95,818.55,888.9,259.2,169.8,94.8,419.4,455.85,165.9,62.4,42.204,51.17,578.9,469.9,90303.75,27657,80220,42150
"Op2","M",18,"AC",144,6,19.88375,17.9575,70.68152,25.30458,NA,20,154,96,1266,532,216,124,114,162,1096,204,150,150,447.6,80.55,777.6,804.6,727.05,216,222.15,394.05,703.35,485.55,251.25,227.7,42.277,47.714,559.2,428.2,75789,25560,54420,30180
"Op3","M",20,"AC",87,10,16.9475,12.67875,101.46234,18.92184,NA,18.4475,180,96,790,170,78,46,NA,182,788,574,150,152,407.4,133.2,741.75,713.4,153.3,25.2,165.3,266.85,704.85,677.4,336.6,181.8,56.502,41.574,542.2,433.5,49527,38801.25,28230,32400
"Op3","M",21,"SR",75,13,18.98625,12.99,69.77894,98.86877,NA,16.14625,116,38,1012,238,54,34,198,126,1114,272,118,94,632.55,72.45,658.35,626.25,140.7,17.25,192.45,124.8,510.6,518.85,121.8,45.9,35.598,44.281,573,523.4,43886.25,32728.5,36420,37500
"Op3","M",22,"SR",54,26,16.20875,13.7,64.67069,18.92184,NA,16.86125,154,146,1282,254,110,52,540,214,996,260,168,122,208.95,343.5,758.4,746.55,543.75,43.65,506.4,449.55,666.6,570.15,222.75,81.15,43.983,62.816,592.7,482.9,69531.75,44131.5,46980,33810
"Op3","M",23,"AC",61,7,17.24,13.1961979166667,51.4206,34.35145,NA,18.54125,344,122,1038,190,48,38,276,210,450,188,182,162,636.9,242.25,790.95,707.1,254.55,5.55,504.3,190.05,684.3,453.15,74.25,61.2,32.597,62.616,590.7,535.4,59364,32971.5,36270,11040
"Op3","M",24,"SR",99,10,16.56,14.26375,74.71863,24.84496,NA,18.8875,120,40,1288,598,296,88,166,274,1276,440,178,136,366.15,22.65,647.7,724.95,713.4,148.05,174.6,204.3,514.05,399.9,149.7,46.2,40.025,46.885,559.1,463.5,74666.25,31675.5,67140,47280
"Op3","M",26,"SR",60,10,18.48,18.58625,88.09563,46.08646,NA,18.1175,262,240,982,420,64,62,166,94,268,104,78,68,622.8,348.45,697.5,725.85,520.2,185.25,223.35,173.85,546.75,201.75,57.15,45.9,40.511,51.293,580,494.3,49106.25,22126.5,41100,7920
"Op4","M",29,"AC",67,14,17.8625,14.2325,63.69265,18.92184,11.97375,13.4425,130,40,4260,710,250,132,170,154,722,186,126,126,211.2,8.85,712.8,736.65,726.6,581.85,167.7,215.55,639.15,615.15,268.95,88.5,18.1,50.14,592.6,460.1,92441.25,42345,158910,20100
"Op4","M",30,"SR",28,64,18.70375,16.1025,58.46582,24.62054,12.31,13.03375,114,166,1510,NA,NA,NA,166,152,990,222,138,116,236.4,192.45,763.95,709.2,666.3,310.35,140.1,216.9,544.05,422.1,172.8,81.9,33.228,50.995,600,494.8,57507.75,30186,NA,30930
"Op4","M",31,"SR",91,3,15.04125,13.42875,35.52157,24.84496,12.49875,12.54,130,48,3600,638,206,114,162,162,920,210,166,96,483.9,13.65,857.4,793.05,734.85,567.6,132.45,159.6,640.65,578.85,193.5,41.4,21.635,49.676,591.3,469.2,97767,42718.5,133350,32280
"Op4","M",32,"AC",82,16,18.5275,12.2225,67.71849,31.68732,13.48625,11.84375,102,86,1190,294,142,44,124,102,1052,224,112,102,73.8,39.45,597.9,663.15,354.45,30.9,77.55,117.6,635.55,605.85,224.7,29.4,28.415,58.896,593.9,501.6,50665.5,45589.5,46920,32610
"Op4","M",33,"AC",NA,NA,15.8475,NA,44.37538,31.64861,13.9275,13.265,124,118,218,108,54,40,158,130,334,NA,NA,NA,490.65,309,687.6,333.3,118.65,19.05,374.1,268.35,409.5,NA,NA,NA,39.937,NA,565.9,NA,38315.25,NA,9180,NA
"Op4","M",34,"SR",116,8,18.57875,13.625,123.4898,25.30458,13.02125,12.16625,182,112,704,108,44,42,112,118,206,102,58,124,653.85,410.4,797.4,575.4,133.8,15,122.1,269.1,635.4,231.75,104.4,175.8,34.669,29.308,563.4,593.5,51561,24363,22980,8640
"Op4","M",35,"SR",73,10,16.465,13.85875,69.19241,18.92184,12.19375,13.04125,140,72,4910,1388,812,248,56,136,898,254,114,116,135,86.4,962.7,812.1,862.2,756.9,32.85,379.2,688.5,554.1,251.1,46.35,51.842,57.559,584.3,518.6,103086,48703.5,223200,28110
"Op4","M",36,"AC",132,10,15.93375,14.8275,86.21942,53.17627,12.6325,13.8925,170,76,1022,602,170,62,78,104,788,198,104,94,243.75,33.3,676.65,587.25,548.85,66,87.3,429.3,680.1,627.75,217.95,37.05,37.947,39.324,544.6,454.3,60099.75,51036.75,50070,24540
"Op4","M",37,"AC",141,17,19.725,10.7225,45.53864,18.92184,14.05875,9.1725,76,98,1114,308,128,56,114,152,212,108,92,84,273.15,254.25,737.4,740.55,564.9,173.25,139.65,525.3,570.75,295.05,90,123.6,40.124,65.866,584.3,445.9,52782.75,28111.5,43170,5940
"Op4","M",38,"AC",67,1,14.07625,9.8425,76.49096,18.92184,15.605,12.055,188,178,1224,346,102,78,200,82,490,196,116,110,663.6,301.65,781.8,761.4,597.75,69.9,264,127.5,660.45,647.4,173.7,35.55,32.597,35.898,593.1,502.5,69331.5,44698.5,45000,18030
"Op5","F",39,"SR",144,140,19.56,19.19875,18.92184,18.92184,10.7525,15.62625,132.2,92.4,214.2,144.6,103,109.2,149.8,144,185.4,162.8,159.2,151.6,779.7,97.2,1230.3,433.5,156.6,80.4,341.25,231.15,794.85,316.05,392.25,292.05,52.347,51.822,547.4,485.1,48771,28534.5,6201,2718
"Op5","F",40,"AC",451,6,15.92875,13.4525,18.92184,18.92184,12.11125,16.25125,158.4,73.4,624.6,167.8,111.8,113.4,205.8,136,233.6,106.6,104.6,87.2,552.45,107.7,1321.65,553.65,48.3,40.05,562.65,472.35,1068.3,151.8,153,34.2,49.814,47.085,552.8,467.4,55242,46469.25,22296,6489
"Op5","F",41,"SR",173,28,14.62375,15.05375,28.52535,18.92184,15.3,12.26625,144.8,109.8,221.8,119.8,124,93.4,102.6,102.2,255.8,169,121.2,124.4,741.9,122.25,1239.15,296.25,423.45,437.25,289.2,156,933.15,410.55,219.6,451.2,56.215,47.379,503.7,470.9,61731,42669,6267,8133
"Op5","F",42,"SR",79,15,17.17625,14.83875,82.0358,27.0186,15.6575,11.97375,108.8,85.8,671.8,174.6,96.6,57.4,146.2,189.6,179.2,118.6,98,113,618.9,146.1,926.1,826.2,137.7,178.35,439.05,552.75,721.05,185.25,322.5,188.25,47.254,70.858,580.6,484.3,45652.5,27852.75,24138,4878
"Op5","F",43,"AC",212,30,16.395,16.745,18.92184,18.92184,11.8875,16.18,229.4,159.4,240.4,152.4,100.2,142.6,141.6,131.8,279.4,102.4,80,37.6,770.1,1120.8,1418.4,257.55,73.35,469.65,506.85,409.95,1072.5,177.75,36,15.15,53.254,51.179,573.3,487.3,73478.25,43458.75,7932,12519
"Op5","F",44,"AC",372,85,19.38375,15.95875,18.92184,18.92184,18.0375,17.29375,201,222.8,211.2,122.8,100.6,124.2,191.6,137.8,152.8,125,117.8,80.2,945.6,904.35,1368.45,168.75,70.65,627.9,869.7,476.7,843.45,109.5,108,40.95,39.747,61.633,574.6,479.7,71100,35685,6525,6078
"Op5","F",45,"AC",61,13,15.07,15.29625,19.72593,28.13188,12.02625,17.3475,187.4,123,520.2,135.4,124.6,119,200.2,152.2,181.2,108.6,119.4,130.4,556.65,487.95,1065,268.65,588.75,331.8,545.4,327.75,722.7,262.65,276.45,378.6,52.258,59.072,561.3,487.3,43479,18877.5,12840,3972
"Op5","F",46,"AC",259,24,17.4025,15.98,18.92184,19.72593,15.595,15.4725,227,155.2,251.6,196,147.4,176.6,NA,208.8,208,151.8,129.6,149.4,666.9,585,582,399.6,324,451.8,192.15,370.65,587.1,263.55,114,233.85,65.301,61.789,531.1,427.1,17757,26124.75,5577,4800
"Op5","F",47,"SR",166,83,17.00375,15.53875,25.30458,18.92184,13.8375,12.98125,137.4,131.4,125,138.8,142.4,149.2,NA,179,NA,176.6,152.2,158.2,483,552.75,333.9,373.95,423.6,1092.9,415.95,321.75,460.8,399.3,228.45,75.45,54.268,52.602,552.8,449.9,31290.75,31855.5,2019,NA
"Op6","F",48,"SR",87,60,17.83875,14.565,25.30458,18.92184,17.755,11.59125,154.8,167.4,708,219.8,138.2,99.6,137.4,140.6,NA,184,498.8,191,587.25,541.2,1413.75,587.85,387.9,99.3,304.5,285.3,533.4,242.4,532.35,558.9,53.249,49.762,537.4,535.4,73705.5,31916.25,24612,NA
"Op6","F",49,"AC",62,61,16.9025,14.9875,73.66366,59.08371,13.73875,16.1825,188.6,119.4,200.2,95.2,104,61.4,158.6,165.2,188.4,161.6,128.6,117.2,622.5,485.55,1418.25,282.45,365.55,43.35,598.2,280.35,1305.75,400.5,236.85,219.6,59.319,53.107,558.4,475.2,69552,39699,7965,4701
"Op6","F",50,"SR",144,123,15.945,16.32625,18.92184,18.92184,13.6275,13.8525,154.8,129,673,120.8,109.8,97.4,150,154.2,162.6,109.4,102,119.6,1014.6,688.65,1540.35,176.85,26.775,482.55,491.4,670.35,1012.5,331.95,431.1,627,65.36,70.168,559.3,516.9,73510.875,38805.75,19002,3351
"Op6","F",51,"SR",63,18,17.2125,17.04,83.77432,18.92184,15.7475,8.72,165.2,191.2,229.6,166.2,124,151.2,NA,NA,230.06,135.4,202,179.2,931.2,636.3,1159.05,438,231.75,287.1,307.5,455.85,690,353.1,394.8,478.65,65.259,68.327,565,461.6,41735.25,17291.25,6258,NA
"Op6","F",53,"SR",105,16,12.8975,14.235,25.30458,18.92184,16.05125,13.035,208.6,135.8,679.2,166.8,117.4,120.6,136.4,87.6,264.8,141.2,115.8,49.2,1059,201.75,1315.8,263.25,87.45,423.45,391.65,224.55,1124.25,122.1,169.95,22.95,47.937,57.087,543.5,489,53919,45652.5,18708,12801
"Op6","F",55,"AC",91,66,13.8225,14.95625,31.18899,18.92184,12.11125,14.2525,215.8,169.4,240.8,157.4,111.6,NA,104.8,170.4,153.6,146.4,109.8,91,1020.15,1144.95,1696.5,1215,649.95,534.705,356.7,1133.4,1003.05,226.2,224.25,394.8,58.435,56.198,527,441.5,69602.4,42176.25,NA,5577
"Op6","F",56,"AC",144,21,15.7,13.95375,18.92184,18.92184,15.26875,15.67625,91.4,128.4,217,128,96,88.6,107.6,145.8,155.6,117.2,105.8,90.6,839.25,256.35,1329.45,372.75,685.35,538.8,123.15,911.7,1161.45,257.85,371.55,438,68.096,49.105,552.4,494.8,63463.5,47436.75,5964,4260
"Op7","F",57,"SR",35,28,18.5925,17.3325,43.40469,18.92184,14.11625,8.43375,130.4,106.8,1317.2,294,116,117.8,177,202.2,940,196.8,103.6,114.6,755.7,276.3,1262.7,826.2,144,418.35,461.7,451.95,1289.85,654.15,247.95,410.7,62.429,54.152,576.3,480.8,64242,51385.5,42672,29697
"Op7","F",58,"AC",170,42,17.34375,14.32125,31.22819,74.60838,14.445,17.9025,110.2,155.2,515.4,145.6,114.8,109.6,114.2,146,270,93,98.8,100.2,539.25,894.9,1443.45,151.5,92.7,391.2,290.25,1004.25,996.75,166.05,126.75,98.55,59.2,52.445,559.6,498.2,63274.5,43825.5,14172,6582
"Op7","F",60,"AC",92,24,19.45375,18.1275,31.18899,18.92184,13.93,16.785,126.4,164.6,1219.8,440.4,259,113.2,131.8,191.8,332.6,101,105,88,258.15,371.7,1554,1261.05,351.45,107.55,426.9,775.2,1268.85,311.7,386.4,247.2,28.087,50.898,581.2,450.1,92936.25,46768.5,50346,10050
"Op7","F",61,"SR",236,20,15.6575,17.9825,25.30458,18.92184,18.26875,12.15625,154.8,272.6,510.8,168.2,210,242.4,179.6,237.4,431.8,235.6,141,142.6,267.6,584.4,1056.3,359.7,651.3,624.75,476.55,825.45,961.65,397.5,391.65,314.25,55.093,62.03,562.8,469.1,45342,33070.5,15951,13056
"Op8","F",64,"SR",395,72,16.0825,13.35625,18.92184,18.92184,13.2275,16.17375,82.4,137.8,352.4,128,110.4,115.2,225.6,142.8,295,94.6,94.4,96.4,438,919.2,1260.3,172.35,80.7,504.3,824.25,574.65,1203.9,552.15,207.3,244.35,45.955,50.77,541.8,455.9,63423,46865.25,8343,6810
"Op8","F",65,"SR",140,53,16.65375,15.19625,47.38937,38.69383,11.93875,11.78875,159,362.2,940.6,NA,119,108.2,418.8,259.2,694,208.6,91,84,1058.55,1254.15,1513.2,462.45,217.8,708.6,1300.5,564.75,1248.75,496.65,93.15,66.6,48.543,49.386,568.4,483,76470.75,57033,NA,24981
"Op9","F",66,"SR",171,16,17.8125,17.99,57.09333,18.92184,12.97375,11.92875,485,106.8,782.4,201.6,149.8,180,101.4,207.2,359.6,104.2,86,117.4,906.3,100.05,1150.5,238.95,73.05,107.1,261.9,916.5,1231.05,393.75,140.4,520.65,44.05,48.304,565.1,487.3,38727,63369,27243,11514
"Op9","F",67,"AC",178,24,17.2825,13.92125,25.30458,18.46222,9.4175,10.31375,230.2,166,803.2,161.8,113.2,122.6,117.6,378.2,571.8,294.8,163.2,109,738.75,546,1418.25,310.05,119.85,33.15,402.9,480.45,988.35,205.95,87.6,27.45,69.676,53.52,537.1,453.5,61454.25,43683.75,23232,25935
"Op9","F",68,"AC",104,33,18.0325,15.11125,31.64861,18.92184,11.02875,16.8525,231,115.2,614,127.2,96.6,83,174.6,259.8,167,113.2,99.6,113.6,1113.6,239.1,1250.4,324,73.95,21.45,457.35,546.9,251.25,98.1,82.95,230.4,48.429,47.453,549.5,504.9,51572.25,16886.25,18351,5253
"Op9","F",69,"AC",104,11,14.30625,13.295,71.14996,19.26631,8.8325,16.2025,452.2,265.8,337,122.2,122.6,113.4,281.2,183.8,146.2,140.2,112.2,100,484.65,713.4,700.5,161.55,162.6,335.7,577.05,483.45,478.8,186.75,166.05,117.45,64.104,49.813,537.2,479.7,29718,20596.5,9672,4398
"Op9","F",70,"SR",169,38,19.1075,12.90375,18.92184,18.92184,12.475,12.015,268,159.2,609,125.8,115.8,107.8,146.4,182.2,404.8,122.4,115.6,98.4,548.4,421.35,1184.4,254.85,210.45,288.45,384.15,463.05,811.65,111.6,203.7,327.45,56.097,48.047,561.8,480.3,36054,36893.25,16707,11943
"Op9","F",71,"SR",77,10,16.26625,14.97625,41.66372,27.78006,13.45125,13.12,323.6,130.2,510.6,109.8,118.8,95.6,234.6,242.6,147.6,175.4,128.2,126.8,688.05,267,1008.3,308.25,204.75,282.75,367.95,352.8,323.85,242.25,233.7,261.75,64.917,57.124,486.2,469.7,30485.25,5589,14439,3882
"Op9","F",72,"AC",94,29,17.77125,14.11375,34.60331,18.92184,10.23,15.06125,167.6,125,188,101.8,137.8,110,368.2,181.6,206,111.8,92,125.4,720.45,475.8,761.7,306.45,402.9,162.3,895.2,346.2,944.1,101.4,76.95,209.1,64.47,59.278,539.7,492.9,37836,34751.25,4800,6360
"Op9","F",73,"AC",86,16,18.05875,15.0975,25.30458,18.92184,13.45875,12.90375,177.4,125,182.6,126,117.6,NA,174.2,173.2,237.6,105.2,115.2,93.6,872.25,369.75,1143,79.35,68.7,80.4,738,381.3,1078.2,294.3,210,99.6,60.972,52.307,499.2,503.2,37415.25,44392.5,NA,6834
"Op9","F",74,"SR",90,8,17.01,15.86375,18.92184,18.92184,17.055,11.00875,197.4,179.5,1157,143,88.6,88.4,139,161.2,259.4,161.2,112.2,101.2,919.95,408.9,1202.4,280.35,37.5,407.7,294.75,481.2,842.25,219.15,232.65,153.45,55.035,47.291,523.3,445.4,58909.5,31115.25,35071.5,7941
